"","Price","Age","KM","FuelType","HP","MetColor","Automatic","CC","Doors","Weight"
"0",13500,1.917,46986,"Diesel","90",1,0,2000,"three",1165
"1",13750,1.917,72937,"Diesel","90",1,0,2000,"3",1165
"3",14950,2.167,48000,"Diesel","90",0,0,2000,"3",1165
"4",13750,2.5,38500,"Diesel","90",0,0,2000,"3",1170
"5",12950,2.667,61000,"Diesel","90",0,0,2000,"3",1170
"7",18600,2.5,75889,"","90",1,0,2000,"3",1245
"8",21500,2.25,19700,"Petrol","192",0,0,1800,"3",1185
"10",20950,2.083,31461,"Petrol","192",0,0,1800,"3",1185
"11",19950,1.833,43610,"Petrol","192",0,0,1800,"3",1185
"12",19600,2.083,32189,"Petrol","192",0,0,1800,"3",1185
"13",21500,2.583,23000,"Petrol","192",1,0,1800,"3",1185
"14",22500,2.667,34131,"Petrol","192",1,0,1800,"3",1185
"15",22000,2.333,18739,"Petrol","????",0,0,1800,"3",1185
"16",22750,2.5,34000,"Petrol","192",1,0,1800,"3",1185
"17",17950,2,21716,"Petrol","110",1,0,1600,"3",1105
"18",16750,2,25563,"Petrol","110",0,0,1600,"3",1065
"19",16950,2.5,64359,"Petrol","110",1,0,1600,"3",1105
"20",15950,2.5,67660,"Petrol","110",1,0,1600,"3",1105
"21",16950,2.417,43905,"","110",0,1,1600,"3",1170
"22",15950,2.333,56349,"Petrol","110",1,0,1600,"3",1120
"23",16950,2.333,32220,"Petrol","110",1,0,1600,"3",1120
"24",16250,2.417,25813,"Petrol","110",1,0,1600,"3",1120
"25",15950,2.083,28450,"Petrol","110",1,0,1600,"3",1120
"26",17495,2.25,34545,"","110",1,0,1600,"3",1120
"27",15750,2.417,41415,"Petrol","110",1,0,1600,"3",1120
"28",16950,2.333,44142,"Petrol","110",0,0,1600,"3",1120
"30",12950,2.417,9750,"Petrol","97",1,0,1400,"3",1100
"31",15750,1.833,35199,"Petrol","97",1,0,1400,"3",1100
"32",15950,2.25,29510,"Petrol","97",1,0,1400,"3",1100
"34",15500,1.833,41000,"Petrol","97",1,0,1400,"3",1100
"35",15750,2.167,43000,"Petrol","97",0,0,1400,"3",1100
"36",15950,2.083,25000,"Petrol","97",0,0,1400,"3",1100
"37",14950,1.917,10000,"Petrol","97",1,0,1400,"3",1100
"38",15750,2.667,25329,"Petrol","97",1,0,1400,"3",1100
"39",14750,2.25,27500,"Petrol","97",0,0,1400,"3",1100
"40",13950,1.833,49059,"Petrol","97",0,0,1400,"3",1100
"41",16750,2.25,44068,"Petrol","97",1,0,1400,"3",1100
"42",13950,1.833,46961,"Petrol","97",0,0,1400,"3",1100
"44",16950,1.833,100250,"","90",0,0,2000,"5",1255
"46",17950,2.25,79375,"Diesel","90",1,0,2000,"5",1255
"47",15800,1.833,75048,"Petrol","97",1,0,1400,"5",1110
"48",17950,1.833,72215,"Diesel","90",1,0,2000,"5",1255
"50",17950,1.833,62636,"Diesel","90",1,0,2000,"5",1255
"51",15750,2.5,57086,"Petrol","97",1,0,1400,"5",1110
"52",20500,2.167,56000,"Petrol","110",1,1,1600,"5",1180
"53",21950,2.25,49866,"Petrol","192",1,0,1800,"5",1195
"54",15500,2.083,49163,"Petrol","110",0,1,1600,"5",1165
"56",15250,2.333,43210,"Petrol","97",0,0,1400,"5",1110
"57",15250,2.167,43000,"Petrol","97",0,0,1400,"5",1110
"58",18950,1.917,39704,"Petrol","110",1,1,1600,"5",1180
"59",15999,2.5,38950,"Petrol","110",1,0,1600,"5",1130
"60",14950,1.833,37400,"","97",1,0,1400,"5",1110
"62",18750,2.583,36544,"Petrol","110",1,0,1600,"5",1130
"63",17950,2.5,33511,"Petrol","110",1,0,1600,"5",1130
"64",17950,2.25,0,"Petrol","97",1,0,1400,"5",1110
"65",16950,2.167,32181,"Petrol","110",1,0,1600,"5",1075
"66",18950,2.333,30993,"Petrol","110",1,0,1600,"5",1130
"67",14950,1.833,30400,"Petrol","97",1,0,1400,"5",1110
"68",22250,1.833,30000,"Diesel","110",1,0,2000,"5",1275
"70",15950,2.333,29206,"Petrol","97",1,0,1400,"5",1110
"71",12995,2.667,29198,"Petrol","97",1,0,1400,"5",1060
"72",18950,2.333,28817,"Petrol","110",1,0,1598,"5",1130
"73",15750,1.917,28227,"Petrol","97",1,0,1400,"5",1110
"74",19950,2.333,28000,"Petrol","110",0,0,1600,"5",1130
"75",16950,1.917,28000,"Petrol","110",1,0,1600,"5",1115
"76",18750,2.583,25266,"Petrol","110",1,0,1600,"5",1130
"77",18450,2.25,23489,"Petrol","110",0,0,1600,"5",1115
"78",16895,2.417,22575,"Petrol","110",1,0,1600,"5",1115
"79",14900,2.5,22000,"Petrol","97",1,0,1400,"5",1110
"80",18950,2.083,20019,"Petrol","110",1,1,1600,"5",1180
"81",17250,2.417,20000,"Petrol","110",1,0,1600,"5",1115
"82",15450,2.083,17003,"Petrol","97",1,0,1400,"5",1110
"84",16650,2.083,15414,"Petrol","97",1,0,1400,"5",1110
"85",17450,2.333,8537,"Petrol","110",1,0,1600,"5",1130
"86",14900,2.5,7000,"","97",1,0,1400,"5",1100
"87",17950,1.667,66966,"Diesel","90",1,0,2000,"3",1245
"88",15950,1.583,51884,"Petrol","97",1,0,1400,"3",1100
"89",21950,1.583,50005,"Diesel","110",1,0,2000,"3",1265
"91",22250,1.667,0,"Diesel","90",1,0,2000,"3",1260
"93",15950,1.667,33329,"Petrol","97",1,0,1400,"3",1100
"94",18900,1.667,31850,"Petrol","110",0,0,1600,"3",1120
"95",19950,1.417,30351,"Diesel","90",1,0,1995,"3",1260
"96",15950,1.583,29435,"Petrol","97",1,0,1400,"3",1100
"97",15950,1.583,25948,"Petrol","97",1,0,1400,"3",1100
"99",17450,1.5,23902,"Petrol","97",1,0,1400,"3",1100
"100",18990,1.667,23175,"Petrol","110",1,0,1600,"3",1120
"101",16250,1.583,19200,"Petrol","97",1,0,1400,"3",1100
"102",18500,1.083,18000,"Petrol","71",0,0,1400,"3",1125
"103",18500,0.917,16123,"Petrol","110",1,0,1600,"3",1105
"104",19450,0.917,14635,"Petrol","110",1,1,1600,"3",1155
"106",18800,1.167,11500,"Petrol","110",1,0,1600,"3",1045
"107",17450,1.417,10000,"","97",1,0,1400,"3",1100
"108",17950,1.667,7187,"Petrol","110",1,0,1600,"3",1105
"110",31000,0.333,4000,"Diesel","116",1,0,2000,"5",1480
"111",31275,0.333,1500,"Diesel","116",1,0,2000,"5",1480
"112",24950,0.667,0,"Diesel","116",1,0,2000,"5",1320
"113",24950,0.667,13253,"Diesel","116",1,0,2000,"5",1320
"114",22950,0.583,10000,"Diesel","116",1,0,2000,"5",1270
"115",24990,0.667,6000,"Diesel","90",1,0,2000,"5",1280
"116",21950,0.667,10841,"","90",1,0,2000,"5",1270
"118",19250,1.667,63000,"Diesel","90",1,0,2000,"5",1255
"120",18950,1.083,57037,"Petrol","110",0,0,1600,"5",1115
"121",19950,1.583,51099,"","90",1,0,2000,"5",1255
"122",16350,1.167,40010,"Petrol","110",1,0,1600,"5",1115
"123",18950,1.667,39115,"Petrol","110",1,0,1600,"5",1130
"124",16950,1.417,36012,"","110",0,0,1600,"5",1130
"125",21750,1.333,0,"Petrol","110",1,0,1600,"5",1130
"126",15950,1.667,36000,"Petrol","110",1,0,1600,"5",1075
"127",16500,1.667,35000,"Petrol","97",1,0,1400,"5",1110
"128",17950,1.417,33740,"Petrol","97",1,0,1400,"5",1135
"129",15850,1.083,33477,"Petrol","110",1,0,1600,"5",1075
"130",16250,1.667,32627,"Petrol","97",1,0,1400,"5",1110
"131",15950,1.667,0,"Petrol","97",1,0,1400,"5",1110
"132",16250,1.583,29441,"Petrol","97",1,0,1400,"5",1110
"133",15950,1.083,29371,"Petrol","110",1,0,1600,"4",1105
"134",16500,1.667,29000,"Petrol","97",0,0,1400,"5",1110
"135",16500,1.583,27821,"Petrol","97",0,0,1400,"5",1110
"136",18450,1.583,27371,"Petrol","97",0,0,1400,"5",1135
"137",16250,1.083,25170,"Petrol","110",1,0,1600,"5",1105
"138",23000,0.917,25000,"Diesel","116",1,0,2000,"5",1320
"139",19900,1.667,23000,"Petrol","110",1,0,1600,"5",1130
"140",16450,1.667,22588,"Petrol","97",1,0,1400,"5",1110
"141",23950,1.583,21684,"Petrol","192",1,0,1800,"5",1185
"142",19950,1.083,21428,"Petrol","110",1,0,1600,"5",1130
"143",18500,1.333,20629,"Petrol","110",1,0,1600,"4",1090
"145",16450,1.333,20105,"Petrol","97",0,0,1400,"5",1110
"146",20500,1.667,20000,"Petrol","110",0,1,1600,"5",1165
"147",24500,1.083,19988,"Petrol","110",1,0,1600,"5",1130
"148",19450,1.583,18328,"Petrol","110",0,0,1600,"5",1130
"149",20950,1.167,17896,"Petrol","110",1,1,1600,"4",1150
"150",17200,1.667,17300,"Petrol","97",1,0,1400,"5",1110
"151",19950,1.583,17038,"Petrol","110",0,0,1600,"5",1130
"152",18450,0.833,13747,"Petrol","97",1,0,1400,"5",1110
"153",19500,1,13634,"Petrol","110",1,0,1600,"5",1115
"154",21750,1.083,13178,"Petrol","110",1,0,1600,"5",1130
"155",16868,1.25,13157,"","97",1,0,1400,"4",1085
"156",19500,1.333,13000,"","110",1,0,1600,"4",1105
"157",18900,0.917,12500,"Petrol","110",1,0,1600,"5",1115
"158",19750,1.417,11999,"Petrol","110",1,0,1600,"5",1130
"159",19750,1.333,11754,"Petrol","110",0,1,1600,"5",1180
"161",20750,1.417,10000,"Petrol","110",0,0,1598,"5",1105
"162",19600,0.75,7650,"Petrol","110",1,0,1600,"5",1115
"164",17650,0.917,6155,"Petrol","97",1,0,1400,"5",1110
"165",19950,1.167,6000,"Petrol","110",0,0,1600,"5",1130
"166",19950,1.167,5459,"Petrol","110",1,0,1600,"5",1130
"167",20950,1.167,5278,"Petrol","110",1,1,1600,"four",1150
"168",20500,1,5000,"Petrol","110",1,0,1600,"5",1130
"169",17795,0.75,1,"Petrol","98",1,0,1400,"4",1065
"170",18245,0.75,1,"Petrol","110",1,0,1600,"5",1075
"171",23750,0.667,11000,"Petrol","110",1,0,1600,"5",1130
"172",19500,0.667,10077,"Petrol","97",1,0,1400,"5",1110
"173",18950,0.667,10000,"Petrol","97",1,0,1400,"5",1110
"174",21950,0.667,9788,"Petrol","110",1,0,1600,"5",1130
"175",19950,0.667,8574,"Petrol","110",1,0,1600,"5",1130
"176",18950,0.667,7000,"Petrol","110",0,0,1600,"5",1115
"177",19950,0.583,6250,"Petrol","110",1,0,1600,"5",1115
"178",21950,0.667,5000,"Petrol","110",1,0,1600,"5",1130
"179",22500,0.5,3000,"Petrol","110",0,0,1600,"5",1130
"180",18500,0.583,2000,"Petrol","110",0,0,1600,"5",1075
"181",18700,0.583,450,"Petrol","97",1,0,1400,"5",1110
"182",21125,0.167,225,"Petrol","97",1,0,1400,"5",1110
"184",17795,0.083,1,"Petrol","98",1,0,1400,"4",1100
"185",18245,0.083,1,"Petrol","110",1,0,1600,"5",1075
"186",6950,3.583,243000,"Diesel","69",0,0,1900,"3",1110
"187",9500,3.167,180638,"Diesel","90",0,0,2000,"4",1160
"188",11950,3.333,179860,"Diesel","90",1,0,2000,"5",1205
"189",7750,3.583,178858,"CNG","110",0,0,1600,"3",1084
"190",11950,3.333,161000,"Diesel","69",1,0,1900,"3",1105
"191",4350,3.667,158320,"Diesel","69",0,0,1800,"5",1110
"192",4750,3.667,131273,"Diesel","69",1,0,1800,"5",1110
"193",11750,3.333,130062,"Diesel","69",1,0,1900,"5",1140
"194",13250,3.417,123425,"Diesel","69",1,0,1900,"5",1140
"195",11950,3.083,118217,"Petrol","110",1,0,1600,"5",1075
"196",11900,3.667,110000,"Diesel","69",1,0,1900,"5",1095
"197",14750,3.25,108847,"Diesel","90",1,0,2000,"5",1205
"198",9950,3.5,105699,"Petrol","97",1,0,1400,"3",1025
"201",11250,3.333,96518,"Petrol","97",1,0,1400,"3",1025
"202",10500,3.5,92204,"Petrol","110",1,0,1600,"5",1075
"203",10450,2.917,91456,"Diesel","69",1,0,1900,"3",1110
"204",12950,3.583,89968,"Diesel","69",1,0,1900,"5",1140
"205",11500,3.667,89757,"Petrol","110",1,0,1600,"3",1045
"206",12500,3.333,85389,"Petrol","110",1,0,1600,"5",1075
"207",10950,3.583,85017,"","97",0,0,1400,"5",1060
"208",11450,3.417,84312,"Petrol","110",0,0,1600,"5",1080
"209",11950,3.083,82743,"CNG","110",1,0,1600,"5",1121
"210",13250,3.417,81106,"Diesel","69",1,0,1900,"5",1140
"211",14750,3.333,80425,"Diesel","90",1,0,2000,"5",1205
"212",11790,2.833,78677,"Petrol","110",1,1,1600,"5",1105
"214",13500,2.75,78108,"Diesel","90",1,0,2000,"3",1170
"215",10950,2.75,77321,"Petrol","110",1,0,1600,"5",1075
"216",13500,2.75,75699,"Diesel","69",0,0,1900,"3",1105
"217",10950,3.417,75697,"Petrol","97",1,0,1400,"3",1025
"219",12950,3.167,74319,"Petrol","110",1,0,1600,"5",1075
"221",12450,3.667,74172,"Petrol","110",1,0,1600,"5",1615
"222",11950,3.333,73042,"Petrol","110",1,0,1598,"5",1075
"224",12450,2.917,71200,"Petrol","110",1,0,1600,"5",1075
"225",12950,3.167,67805,"Petrol","110",1,0,1600,"5",1075
"228",12450,3.5,64564,"Petrol","110",1,0,1600,"5",1080
"229",12750,3,63459,"Petrol","97",1,0,1400,"5",1060
"231",12950,2.75,62000,"Petrol","110",1,0,1600,"5",1075
"232",11950,3.5,61300,"Petrol","97",1,0,1400,"3",1030
"233",12900,3.417,61200,"Petrol","110",1,0,1600,"3",1045
"234",11900,3.417,61000,"Petrol","110",0,0,1600,"5",1075
"236",10950,3.667,60500,"Petrol","110",0,0,1600,"5",1075
"238",13950,3.667,59000,"Petrol","110",0,1,1600,"5",1110
"239",11950,3.333,58954,"Petrol","110",1,0,1600,"5",1080
"240",10950,3.167,58798,"Petrol","110",1,0,1600,"5",1075
"241",12450,3.167,58363,"Petrol","110",1,0,1600,"3",1055
"243",13500,2.75,57711,"Diesel","90",1,0,2000,"3",1165
"244",11690,2.75,57269,"Petrol","110",1,0,1600,"5",1075
"245",13500,3.25,56001,"Petrol","110",1,0,1600,"5",1075
"248",13500,3.583,55539,"Petrol","110",1,0,1600,"5",1085
"249",11750,3.5,55400,"Petrol","110",0,0,1600,"5",1075
"250",11750,2.75,55350,"Petrol","110",0,0,1600,"5",1075
"251",10850,3.583,54600,"Petrol","110",0,0,1600,"4",1030
"252",11750,3.583,53773,"Petrol","110",1,0,1600,"5",1075
"253",14950,3.5,53719,"Petrol","110",1,1,1600,"5",1105
"254",9940,3.25,53644,"Petrol","110",1,0,1600,"5",1075
"255",12900,3.5,53350,"Petrol","110",0,0,1600,"5",1075
"256",13500,3.167,53000,"Petrol","110",1,0,1600,"5",1075
"257",11750,3.667,52084,"Petrol","97",1,0,1400,"3",1025
"258",11950,3.667,52000,"Petrol","97",0,0,1400,"3",1025
"259",13450,2.75,51945,"Petrol","110",1,0,1600,"5",1075
"260",11950,3.417,51732,"Petrol","97",1,0,1400,"3",1025
"262",13500,3.417,50856,"Petrol","110",0,0,1600,"4",1030
"263",12750,3.333,50640,"Petrol","110",1,0,1600,"5",1075
"264",12000,3.25,50000,"Petrol","97",1,0,1400,"5",1060
"265",11950,3.167,49500,"Petrol","110",1,0,1600,"5",1075
"266",12495,3.667,49332,"Petrol","110",1,0,1600,"5",1080
"267",12450,2.833,49291,"Petrol","110",1,0,1600,"3",1040
"268",14750,3.333,48952,"Diesel","90",1,0,2000,"5",1205
"269",10950,3.25,48945,"Petrol","110",0,0,1600,"3",1040
"271",12950,3.167,48197,"Petrol","110",1,0,1600,"5",1075
"274",13500,3.583,48000,"Petrol","110",1,0,1600,"5",1075
"275",11480,3.417,47350,"Petrol","110",1,0,1600,"5",1075
"276",13450,3.25,46821,"Petrol","97",1,0,1400,"5",1060
"277",11495,3.25,46694,"Petrol","110",0,0,1600,"3",1040
"278",12750,3.583,46515,"Petrol","97",0,0,1400,"5",1025
"279",14990,3.167,46327,"Petrol","110",1,0,1600,"3",1055
"280",12950,2.917,46304,"Petrol","97",1,0,1400,"5",1060
"281",12950,3.333,45886,"Petrol","110",1,0,1600,"5",1080
"282",12850,3.25,45713,"Petrol","97",1,0,1400,"5",1085
"283",13950,3.333,45600,"Petrol","110",1,1,1600,"5",1105
"284",11950,3.417,45287,"Petrol","110",1,0,1600,"5",1075
"285",12950,3.25,45081,"Petrol","110",1,0,1600,"5",1075
"288",11895,3.667,44218,"Petrol","97",1,0,1400,"5",1060
"289",12950,3.583,43632,"Petrol","110",1,0,1600,"5",1075
"290",12500,3,43427,"Petrol","110",1,0,1600,"3",1040
"291",13875,3.25,43254,"Petrol","110",1,0,1600,"5",1075
"292",10500,2.917,43000,"Petrol","110",0,0,1600,"3",1050
"293",12295,2.75,42823,"Petrol","110",1,0,1600,"5",1075
"294",13950,3.5,42560,"Petrol","110",1,0,1600,"5",1080
"295",10950,3.167,41754,"Petrol","110",0,0,1600,"3",1040
"296",12950,3.667,41499,"CNG","110",1,0,1600,"5",1103
"297",12850,3.333,41339,"Petrol","110",1,0,1600,"5",1080
"298",13995,2.917,41000,"Petrol","110",1,0,1600,"5",1075
"299",13750,3.25,40000,"Petrol","110",1,0,1600,"3",1055
"300",12750,3.083,39757,"Petrol","110",1,0,1600,"5",1075
"302",13950,3.583,39650,"Petrol","110",0,0,1600,"3",1055
"304",13950,3.667,39516,"Petrol","97",1,0,1400,"5",1060
"305",11895,3.417,39439,"Petrol","97",0,0,1400,"5",1060
"306",9950,3.667,39000,"Petrol","97",1,0,1400,"3",1025
"307",13500,3.5,38932,"Petrol","110",1,0,1600,"3",1040
"309",12450,3.5,38665,"Petrol","110",1,0,1600,"5",1075
"310",12950,3.333,38653,"Petrol","110",1,0,1600,"5",1080
"312",11750,3.5,38078,"Petrol","97",0,0,1400,"3",1025
"313",11650,3.25,37782,"Petrol","97",1,0,1400,"5",1060
"314",9950,3.583,37576,"Petrol","97",0,0,1400,"3",1030
"315",13950,3.417,37533,"Petrol","110",1,0,1600,"5",1075
"316",12950,3.667,37389,"Petrol","110",1,0,1600,"5",1080
"317",10950,3.167,37320,"Petrol","97",1,0,1400,"3",1025
"318",9900,3.5,37000,"Petrol","97",1,0,1400,"3",1025
"319",11950,3.667,37000,"Petrol","110",0,0,1600,"4",1075
"320",11990,3.333,36566,"Petrol","110",0,0,1600,"5",1090
"321",10750,3,36269,"","110",1,0,1600,"5",1075
"322",13950,3.083,36074,"Petrol","110",1,1,1600,"5",1075
"323",11250,3.667,36066,"Petrol","110",1,0,1600,"3",1040
"324",12950,3.25,34599,"Petrol","110",1,0,1600,"five",1075
"325",11950,3.417,34000,"Petrol","110",1,0,1600,"5",1075
"326",10950,3.5,33623,"Petrol","97",1,0,1400,"3",1025
"327",12950,2.75,33591,"Petrol","110",1,0,1600,"5",1075
"329",11695,3.583,33113,"","110",1,0,1600,"5",1075
"330",11000,3.417,33000,"Petrol","110",1,1,1600,"5",1075
"332",11950,3.167,32781,"","110",0,0,1600,"5",1075
"333",11750,3.333,32532,"","110",1,0,1600,"3",1040
"334",12400,2.833,32431,"","97",1,0,1400,"5",1060
"335",12500,2.917,32000,"Petrol","110",0,0,1600,"3",1040
"336",12900,2.75,31000,"Petrol","110",1,0,1600,"5",1075
"337",12200,3.417,30989,"Petrol","110",0,0,1600,"3",1045
"338",12750,3.583,30742,"Petrol","110",1,0,1600,"3",1040
"339",11950,3.5,30190,"Petrol","110",1,0,1600,"5",1075
"340",11900,3.417,29716,"Petrol","116",1,0,1600,"5",1075
"341",11950,3.667,29716,"","110",1,1,1600,"3",1070
"343",11950,3.417,29056,"Petrol","97",1,0,1400,"5",1060
"344",12950,2.75,28715,"Petrol","110",1,0,1600,"5",1075
"345",14950,3.417,28571,"Petrol","110",0,0,1600,"5",1090
"346",13450,3.333,28362,"Petrol","110",1,0,1600,"3",1040
"348",12950,3.583,27301,"","110",1,0,1600,"3",1040
"349",12750,2.75,27240,"Petrol","110",1,0,1600,"5",1075
"350",11895,3.25,27170,"Petrol","97",1,0,1400,"5",1060
"351",9950,3.5,27141,"Petrol","97",1,0,1400,"5",1060
"352",12450,3.167,26262,"Petrol","110",1,0,1600,"5",1075
"353",12500,3.167,26000,"Petrol","97",1,0,1400,"5",1060
"354",14950,3.583,25228,"Petrol","110",1,0,1600,"3",1045
"356",12695,3.25,24723,"Petrol","110",1,1,1600,"4",1060
"358",12750,3.583,24553,"Petrol","110",1,0,1600,"5",1080
"361",11500,2.917,24011,"Petrol","97",0,0,1400,"3",1025
"362",11950,3.417,24000,"Petrol","97",1,0,1400,"3",1025
"363",13450,3.333,23616,"Petrol","110",1,0,1600,"5",1075
"364",12900,3.167,22865,"Petrol","110",1,0,1600,"5",1075
"366",10950,2.917,21904,"Petrol","97",0,0,1400,"3",1025
"367",11950,3.417,21651,"Petrol","97",0,0,1400,"3",1025
"368",11450,3.083,21500,"Petrol","110",1,0,1600,"5",1030
"369",13250,3.667,21027,"Petrol","110",1,0,1600,"5",1080
"370",10250,3.25,18500,"Petrol","110",0,0,1600,"4",1030
"371",13995,2.917,18000,"Petrol","110",1,0,1600,"5",1075
"372",11950,3.333,17051,"","97",0,0,1400,"5",1060
"373",13250,2.75,16512,"Petrol","97",1,0,1400,"5",1085
"374",12950,3.333,16325,"Petrol","110",1,0,1600,"5",1080
"375",11750,3.167,16000,"Petrol","97",1,0,1400,"5",1060
"376",11500,3.25,12000,"Petrol","110",1,0,1600,"5",1075
"377",13500,3.583,10000,"Petrol","97",1,0,1400,"5",1060
"378",6500,4.417,216000,"Diesel","69",0,0,1900,"3",1110
"379",6400,4.25,198167,"Diesel","69",0,0,1900,"4",1095
"380",7000,4.417,176000,"Diesel","69",0,0,1900,"3",1105
"381",7750,4.5,174139,"Diesel","72",1,0,2000,"4",1100
"383",8500,4.583,150000,"CNG","110",1,0,1600,"3",1075
"384",8950,4.5,149329,"Diesel","72",1,0,2000,"5",1135
"385",9900,4.25,146736,"Petrol","110",1,0,1600,"5",1080
"386",10250,4.417,143513,"Diesel","69",0,0,1900,"5",1140
"387",9250,4,142130,"CNG","110",0,0,1600,"5",1119
"388",7750,4,140700,"Diesel","69",1,0,1900,"5",1110
"391",8250,4.333,135258,"Diesel","69",1,0,1900,"5",1140
"392",9950,4.083,131364,"Petrol","110",1,0,1600,"5",1075
"393",4450,4.667,129155,"Diesel","69",0,0,1800,"5",1110
"394",9950,4.167,126110,"Petrol","110",0,0,1600,"3",1055
"395",9000,4,119742,"","110",1,0,1600,"5",1080
"396",9950,4.417,117913,"Diesel","69",1,0,1900,"5",1110
"398",10500,4.583,0,"Petrol","110",1,0,1600,"4",1035
"399",10750,4.5,115558,"Petrol","110",1,0,1600,"4",1035
"400",8950,4.417,115113,"Petrol","97",1,0,1400,"3",1025
"401",10500,4.5,115046,"Diesel","69",1,0,1900,"5",1140
"402",5150,4.667,113997,"Diesel","72",1,0,2000,"5",1135
"403",10950,4.083,107859,"Petrol","97",0,0,1400,"5",1060
"405",9950,4.5,103454,"Petrol","110",1,0,1600,"5",1075
"406",10950,4.25,103018,"","69",0,0,1900,"5",1140
"407",11900,3.917,102352,"","110",1,0,1600,"5",1080
"408",9950,4.167,102030,"Petrol","97",1,0,1400,"5",1060
"409",11950,4.5,101352,"Petrol","110",0,0,1600,"5",1080
"410",7900,4.167,99865,"Petrol","110",1,0,1600,"4",1035
"412",8950,4,98100,"","69",1,0,1900,"5",1140
"413",11950,4.25,98040,"Petrol","110",0,0,1600,"5",1080
"414",10900,4.083,97600,"Petrol","110",1,0,1600,"3",1045
"415",9950,4.583,97234,"Petrol","110",0,0,1600,"5",1080
"416",9950,4.25,96135,"Diesel","72",0,0,2000,"3",1115
"417",10950,4.5,96100,"Petrol","110",1,0,1600,"5",1080
"418",8950,4.583,94401,"Diesel","72",0,0,2000,"3",1115
"419",8950,4.583,94122,"Petrol","86",1,0,1300,"3",1015
"420",10500,4.083,91340,"","110",1,0,1600,"3",1055
"421",8950,4.417,90200,"Petrol","97",0,0,1400,"3",1025
"422",9250,4.417,90097,"Diesel","69",1,0,1900,"5",1140
"423",11500,4,89049,"Petrol","97",1,0,1400,"5",1060
"424",9750,4.333,89000,"Petrol","110",0,0,1600,"5",1075
"425",9950,3.75,87274,"Petrol","110",1,0,1600,"3",1040
"426",11450,4.083,86221,"Petrol","110",0,0,1600,"3",1045
"427",12500,4.5,84598,"Petrol","110",0,0,1600,"5",1075
"428",10500,4.167,83567,"Petrol","110",0,0,1600,"5",1075
"429",12950,4.167,83106,"","110",1,0,1600,"5",1075
"430",12200,4.167,82805,"Petrol","110",1,0,1600,"3",1040
"431",10950,4.167,82735,"Petrol","97",1,0,1400,"3",1030
"432",10950,4.5,81905,"Petrol","110",1,0,1600,"5",1105
"433",11290,4.083,80320,"Petrol","110",1,1,1600,"3",1070
"434",10750,4.083,80090,"Petrol","97",1,0,1400,"3",1030
"435",10895,4.417,79800,"Petrol","110",0,0,1600,"5",1075
"436",11500,3.917,78785,"CNG","110",1,0,1600,"5",1119
"437",9750,4,78600,"Petrol","110",1,0,1600,"5",1075
"439",12500,4.083,77648,"Petrol","110",0,0,1600,"4",1030
"440",11950,4.5,77270,"","110",1,0,1600,"4",1035
"441",10750,4.167,76167,"Petrol","97",1,0,1400,"5",1060
"442",11450,3.833,75249,"Petrol","110",1,0,1600,"4",1035
"443",11950,4.5,75231,"Petrol","110",1,0,1600,"5",1080
"444",11750,4,75045,"Petrol","110",1,0,1600,"3",1055
"445",10950,4.167,74849,"Petrol","110",1,1,1600,"4",1060
"446",11950,4.583,74715,"Petrol","110",1,0,1600,"5",1080
"447",10995,4.083,74656,"Diesel","69",0,0,1900,"3",1105
"448",11450,4.667,74500,"Petrol","97",0,0,1400,"3",1025
"449",8900,4.083,74494,"Petrol","110",1,0,1600,"5",1075
"450",10500,4.167,73634,"Petrol","110",0,0,1587,"5",1075
"451",11750,3.917,73403,"Petrol","110",1,0,1600,"5",1075
"452",11450,4.083,73175,"Petrol","97",1,0,1400,"3",1030
"455",9850,4.417,72000,"Petrol","97",1,0,1400,"3",1025
"459",10990,4.417,70239,"Petrol","110",0,0,1600,"3",1040
"460",9500,4.583,69813,"Petrol","97",1,0,1400,"3",1025
"461",11950,4.083,69659,"Petrol","86",0,0,1300,"3",1025
"462",10750,3.833,69574,"Petrol","97",0,0,1400,"5",1065
"463",8750,3.917,69000,"Diesel","69",1,0,1900,"5",1140
"466",9950,3.833,68414,"Petrol","97",0,0,1400,"3",1025
"467",11950,4.667,66777,"Petrol","110",0,0,1600,"5",1090
"468",13950,4.333,66527,"Petrol","110",1,0,1600,"5",1080
"469",11250,4.5,66063,"Petrol","110",1,0,1600,"5",1090
"470",10900,4.167,65471,"Petrol","97",1,0,1400,"5",1060
"471",9750,4.667,65400,"Petrol","97",1,0,1400,"3",1025
"472",9950,4.333,65170,"Petrol","97",1,0,1400,"3",1025
"473",11950,4.667,65000,"Petrol","110",1,0,1600,"5",1075
"475",8950,4.5,64000,"Petrol","97",1,0,1400,"3",1025
"476",10250,4.5,63792,"Petrol","110",1,0,1600,"5",1075
"477",9930,4.417,63635,"Petrol","110",1,0,1600,"4",1035
"478",10500,4.5,63135,"Petrol","110",1,0,1600,"3",1050
"479",11950,4.5,63123,"Petrol","110",1,0,1600,"4",1035
"482",11450,4.5,62987,"Petrol","110",0,0,1600,"5",1080
"483",9900,4.667,62751,"Petrol","110",0,0,1600,"3",1050
"484",9500,4.5,62519,"Petrol","97",0,0,1400,"3",1025
"487",8950,4.5,61000,"Diesel","69",0,0,2000,"5",1140
"488",12000,4.667,61000,"Petrol","110",1,0,1600,"3",1050
"489",9940,4.417,60558,"Petrol","110",1,0,1600,"4",1105
"490",10950,3.917,60348,"Petrol","110",0,0,1600,"4",1030
"491",10750,4.5,0,"Petrol","110",1,0,1600,"5",1075
"492",9799,4.25,59000,"Petrol","97",1,0,1400,"3",1025
"493",11750,4.25,58761,"Petrol","97",0,0,1300,"5",1060
"494",11950,4.5,58745,"","110",1,0,1600,"4",1035
"495",11250,4.333,58596,"Petrol","110",1,0,1600,"3",1045
"496",11750,4.5,58530,"Petrol","110",0,0,1600,"5",1075
"497",10950,4.583,58377,"Petrol","110",1,0,1600,"3",1050
"498",11250,4.667,58142,"Petrol","110",1,0,1600,"5",1080
"499",9950,4.417,57948,"Petrol","97",1,0,1400,"3",1025
"500",9700,4.25,57645,"Petrol","110",0,0,1600,"5",1080
"501",11950,3.917,57500,"Petrol","110",1,0,1600,"4",1105
"502",9900,4.417,57475,"Petrol","110",0,0,1600,"3",1040
"504",9475,4,56675,"Petrol","97",1,0,1400,"3",1025
"505",11500,4.5,55877,"Petrol","110",1,0,1600,"5",1075
"506",11950,4.417,55500,"Petrol","110",1,0,1600,"4",1035
"507",11500,4.583,54900,"Petrol","97",1,0,1400,"5",1060
"508",10500,4.167,54465,"Petrol","110",0,0,1600,"5",1075
"509",10900,3.833,53700,"Petrol","97",1,0,1400,"5",1060
"510",11700,4.333,53561,"Petrol","97",1,0,1400,"5",1060
"511",11900,4.25,53408,"Petrol","110",1,0,1600,"5",1080
"513",10950,4.083,53116,"Petrol","97",1,0,1400,"3",1025
"514",10500,4.667,52448,"Petrol","97",0,0,1400,"3",1025
"515",10750,4.583,52149,"Petrol","97",1,0,1400,"3",1085
"516",11950,4.583,52141,"Petrol","110",1,0,1600,"5",1070
"517",10000,4.667,52000,"Petrol","97",0,0,1400,"3",1025
"518",10495,4,50967,"Petrol","97",1,0,1400,"5",1060
"519",11450,4.167,50400,"Petrol","110",0,0,1600,"5",1080
"520",9400,4.5,50000,"Petrol","97",1,0,1400,"3",1025
"521",11950,4.25,50000,"Petrol","86",1,0,1300,"5",1045
"522",9650,4.417,49969,"Petrol","110",0,0,1600,"5",1075
"523",18950,4.083,49568,"Petrol","110",1,0,1600,"3",1105
"524",11450,4.25,49473,"Petrol","110",0,0,1600,"3",1055
"525",10250,4.333,49432,"Petrol","110",1,0,1600,"3",1050
"527",9950,4.5,49366,"Petrol","97",1,0,1400,"3",1025
"528",10500,4.667,48731,"Petrol","110",1,0,1600,"3",1055
"530",9950,4,48071,"Petrol","97",0,0,1400,"3",1025
"531",10250,4.5,47852,"","110",1,0,1600,"4",1030
"533",11895,4.333,47689,"Petrol","110",0,0,1600,"5",1075
"534",12950,4.417,47451,"Petrol","110",1,0,1600,"3",1055
"535",11950,4.167,47219,"Petrol","110",1,0,1600,"5",1080
"536",10750,4.667,47211,"Petrol","110",1,0,1600,"5",1070
"537",9550,4.5,46856,"Petrol","97",0,0,1400,"5",1060
"538",10950,4.667,46500,"Petrol","86",0,0,1300,"5",1035
"540",10950,3.917,46391,"Petrol","110",0,0,1600,"5",1075
"541",12450,4.5,46230,"Petrol","110",1,0,1600,"3",1055
"542",10500,4.333,46029,"Petrol","110",1,0,1600,"4",1030
"543",10900,4.167,46000,"Petrol","97",0,0,1400,"3",1025
"544",12950,4.167,45900,"Petrol","110",1,0,1600,"5",1075
"545",10950,3.917,45850,"Petrol","97",0,0,1400,"5",1060
"546",12500,4.667,45336,"Petrol","110",1,0,1600,"5",1080
"547",9950,4.583,44537,"","97",0,0,1400,"3",1025
"549",12500,4,43120,"Petrol","97",1,0,1400,"3",1030
"550",10450,4.083,41710,"Petrol","110",0,0,1600,"3",1040
"551",10750,4.333,41700,"Petrol","97",1,0,1400,"3",1025
"552",12950,4.083,41636,"Petrol","110",1,0,1600,"5",1105
"555",11250,4.167,40400,"Petrol","97",1,0,1400,"5",1060
"556",11950,3.917,40361,"Petrol","110",1,0,1600,"5",1090
"557",13750,4.5,40325,"","86",0,0,1300,"5",1045
"558",11000,3.917,40000,"Petrol","110",0,0,1600,"5",1080
"559",13500,4.167,39706,"Petrol","110",1,0,1600,"5",1080
"560",10950,4.5,39291,"Petrol","110",1,0,1600,"3",1040
"561",10750,4.5,39000,"Petrol","97",0,0,1400,"3",1025
"562",8950,3.917,38900,"Petrol","97",1,0,1400,"3",1025
"563",12950,4.25,38403,"Petrol","110",0,0,1600,"3",1055
"564",9750,4.667,37461,"Petrol","97",0,0,1400,"3",1025
"565",10900,4.5,37000,"","97",1,0,1400,"3",1025
"566",10995,4.583,36406,"Petrol","110",1,0,1600,"4",1035
"567",10750,4,36005,"Petrol","97",1,0,1400,"5",1065
"568",10950,4.333,36000,"Petrol","110",1,0,1600,"5",1075
"570",12950,3.75,36000,"Petrol","110",1,1,1600,"3",1070
"571",11500,4.333,35823,"Petrol","110",0,0,1600,"5",1075
"573",11710,4,35142,"Petrol","110",0,0,1600,"3",1055
"575",12250,4.25,34882,"Petrol","110",1,0,1600,"5",1075
"576",11500,3.833,34000,"Petrol","110",1,0,1600,"5",1075
"577",11950,4.667,33998,"Petrol","110",0,0,1600,"5",1080
"578",11500,4.583,33230,"Petrol","110",0,0,1600,"3",1050
"579",11900,3.833,33021,"","110",1,0,1600,"5",1080
"580",11930,4.083,31999,"Petrol","97",0,0,1400,"3",1030
"582",8950,4.667,31000,"Petrol","97",0,0,1400,"3",1025
"583",10450,3.833,30806,"Petrol","97",1,0,1400,"5",1060
"584",10500,4.583,30461,"Petrol","86",1,0,1300,"5",1050
"585",12950,4.167,29686,"Petrol","110",1,1,1600,"3",1075
"587",12900,4.333,29500,"Petrol","110",1,0,1600,"3",1055
"588",9950,4,28656,"Petrol","97",0,0,1400,"3",1085
"589",9950,4.583,27500,"Petrol","97",1,0,1400,"3",1025
"590",10950,4,26938,"Petrol","110",1,0,1600,"3",1040
"591",10950,4.417,26624,"Petrol","97",0,0,1400,"5",1060
"592",9950,3.917,26221,"Petrol","97",1,0,1400,"3",1025
"593",10950,4.167,22648,"Petrol","97",1,0,1400,"5",1060
"595",10500,4.667,19313,"Petrol","97",0,0,1400,"3",1025
"598",10450,4,15000,"Petrol","97",1,0,1400,"3",1025
"599",12950,4.167,10210,"Petrol","97",0,0,1400,"5",1065
"601",7500,4.167,1,"Diesel","90",1,0,2000,"3",1260
"603",6950,4.833,205000,"Diesel","72",1,0,2000,"4",1100
"605",5950,5.667,194545,"Petrol","86",0,0,1300,"4",1000
"606",7500,4.917,190900,"Diesel","72",1,0,2000,"3",1115
"607",7500,5.167,183500,"Diesel","72",1,0,2000,"5",1140
"608",6900,5.417,176184,"Diesel","72",1,0,2000,"3",1115
"609",5751,5.583,174833,"Diesel","72",0,0,2000,"4",1100
"611",7950,5.583,155500,"","110",1,0,1600,"5",1050
"612",7750,4.917,154783,"Diesel","72",1,0,2000,"3",1120
"613",7950,5.333,154462,"Diesel","72",1,0,2000,"5",1135
"614",8250,5.333,150585,"Petrol","110",1,0,1600,"3",1065
"615",6250,5.583,149000,"Diesel","90",1,0,2000,"5",1135
"617",6900,4.917,144521,"Diesel","72",1,0,2000,"5",1135
"618",8450,5.333,144000,"","110",1,0,1600,"3",1065
"619",7350,5.417,140168,"Diesel","72",1,0,2000,"3",1115
"620",8950,5.667,140000,"Petrol","110",1,0,1600,"5",1085
"621",6900,5,139800,"Diesel","72",0,0,2000,"3",1115
"622",8950,4.917,137050,"CNG","110",1,0,1600,"3",1078
"623",8750,5.083,136956,"Petrol","110",0,0,1600,"3",1065
"624",7950,5.583,135337,"CNG","110",1,0,1600,"5",1120
"625",8950,5.333,133769,"Diesel","72",1,0,2000,"3",1120
"626",8950,4.833,133405,"Diesel","72",1,0,2000,"5",1135
"627",8950,5.417,132807,"Diesel","72",1,0,2000,"5",1135
"628",7950,5.333,132393,"Diesel","72",0,0,2000,"5",1135
"629",7750,5,130270,"Petrol","110",0,0,1600,"3",1050
"630",7500,4.917,130000,"Diesel","72",1,0,2000,"4",1135
"631",8950,5.583,127000,"Diesel","????",1,0,2000,"5",1135
"632",9800,5.583,126800,"Diesel","72",0,0,2000,"5",1135
"633",9450,5.5,126452,"Petrol","110",1,0,1600,"5",1085
"634",8950,5.167,125175,"Diesel","116",0,0,2000,"5",1150
"635",8750,5.667,125000,"Diesel","72",1,0,2000,"3",1115
"636",10500,5.083,123000,"Diesel","72",0,0,2000,"5",1135
"637",7995,4.917,121626,"Petrol","86",0,0,1300,"5",1050
"638",10450,5.333,120400,"","????",0,0,1600,"5",1090
"639",9950,5.5,120000,"Diesel","72",0,0,2000,"4",1100
"640",9950,5.667,119541,"Petrol","110",0,0,1600,"3",1055
"642",7950,5.667,119289,"Petrol","110",1,0,1600,"4",1035
"643",10950,4.75,118833,"Petrol","110",0,0,1600,"3",1065
"644",9950,5.333,118000,"Diesel","72",1,0,2000,"5",1150
"645",8600,5.667,117955,"Petrol","110",1,1,1600,"4",1065
"646",7250,5.417,117609,"Petrol","86",0,0,1300,"3",1015
"647",6950,5.667,117000,"Diesel","72",0,0,2000,"3",1115
"648",8000,5.333,116000,"Petrol","86",0,0,1300,"5",1045
"649",9950,4.833,115715,"Petrol","110",0,0,1600,"5",1070
"651",7950,5.667,115071,"Petrol","110",1,0,1600,"3",1055
"652",9450,5.25,115000,"CNG","110",0,0,1600,"3",1109
"653",9950,5.333,114846,"","110",1,0,1600,"5",1075
"654",6950,5.417,114383,"Diesel","90",0,0,2000,"3",1260
"655",8250,4.917,113700,"Petrol","110",1,0,1600,"5",1065
"656",9950,5.583,113118,"Petrol","86",1,0,1300,"3",1020
"657",8250,4.917,112827,"Petrol","86",1,0,1300,"5",1040
"658",9950,5.667,112116,"Petrol","110",1,0,1600,"5",1070
"659",10500,5.5,112000,"Petrol","110",1,0,1600,"3",1065
"660",7950,5.167,112000,"Diesel","72",0,0,2000,"4",1135
"661",9750,5.417,111769,"Petrol","110",0,0,1600,"3",1065
"662",9250,5.083,110853,"Petrol","110",1,0,1600,"5",1070
"663",9500,5.667,110287,"Petrol","110",1,0,1600,"3",1050
"665",7750,5.25,109230,"Petrol","110",0,0,1600,"3",1050
"666",9500,5.667,109150,"Petrol","110",0,0,1600,"5",1075
"667",9950,5.583,108793,"Petrol","110",1,0,1600,"4",1035
"668",9750,5.333,106784,"Petrol","110",0,1,1600,"3",1050
"669",9750,4.833,105942,"Petrol","86",0,0,1300,"5",1040
"670",5950,4.917,105000,"Petrol","86",1,0,1300,"3",1015
"672",8495,5.667,104299,"Petrol","110",1,0,1600,"5",1085
"673",9250,5.583,104000,"Petrol","86",0,0,1300,"3",1020
"675",8950,4.833,103458,"Petrol","86",1,0,1300,"3",1025
"677",9250,5.25,102807,"Petrol","86",0,0,1300,"5",1055
"678",9895,5.667,102494,"Petrol","110",0,0,1600,"5",1090
"679",9950,4.75,102300,"Diesel","72",1,0,2000,"5",1135
"680",7950,5.083,102106,"Petrol","110",0,0,1600,"3",1050
"681",8750,5.667,101889,"Petrol","110",1,0,1600,"5",1075
"682",8250,4.75,101791,"Diesel","72",0,0,2000,"3",1115
"683",8950,5.25,101469,"Petrol","110",1,0,1600,"3",1065
"684",8950,5.667,101001,"Petrol","110",0,0,1600,"5",1075
"686",8950,5.417,100550,"Petrol","110",1,0,1600,"5",1075
"687",9450,5.583,99781,"Petrol","110",1,0,1600,"5",1085
"688",8950,4.917,98658,"Petrol","86",1,0,1300,"3",1020
"690",8750,5.333,98291,"Petrol","86",0,0,1300,"4",1000
"691",9950,5.083,97648,"Petrol","110",1,0,1600,"3",1065
"693",9900,5.417,97173,"Petrol","86",0,0,1300,"3",1015
"694",8950,5.5,97046,"Petrol","86",1,0,1300,"4",1000
"695",8950,5.583,96000,"Petrol","110",1,0,1600,"3",1050
"697",9250,5.583,95750,"Petrol","110",1,0,1600,"5",1070
"698",10250,5.083,95147,"","110",1,0,1600,"3",1050
"700",7999,5.417,95000,"Petrol","110",1,0,1600,"3",1050
"701",9900,5.5,94606,"Petrol","110",0,0,1600,"3",1065
"702",8250,5.25,94504,"","86",1,0,1300,"4",1000
"703",10500,5.417,93428,"Petrol","110",1,0,1600,"5",1075
"704",8450,5.417,93408,"","86",0,0,1300,"3",1015
"705",9900,5.667,93296,"Petrol","110",1,0,1600,"5",1090
"706",10500,5.167,93098,"Petrol","110",1,0,1600,"5",1075
"707",8500,5.583,92922,"Diesel","72",1,0,2000,"4",1100
"709",9450,5.417,92226,"Petrol","110",0,0,1600,"3",1065
"714",8450,5.667,90727,"Petrol","110",0,0,1600,"3",1050
"715",8490,5.167,90000,"Petrol","110",0,0,1600,"3",1050
"716",8750,5,89576,"Petrol","110",0,0,1600,"4",1035
"717",9750,5.333,89145,"Petrol","86",1,0,1300,"3",1025
"718",9950,5.25,89000,"Petrol","110",1,0,1600,"5",1085
"719",8500,5.667,88807,"Petrol","110",0,0,1600,"3",1050
"720",8450,5.25,88685,"Petrol","110",0,0,1600,"5",1070
"721",7900,5.167,88667,"Petrol","110",1,0,1600,"4",1040
"722",8750,4.75,88480,"Petrol","110",1,0,1600,"3",1050
"723",7950,5.083,88127,"Petrol","86",0,0,1300,"3",1015
"724",6900,5.167,88000,"","86",0,0,1300,"3",1020
"725",8150,5.417,87821,"Petrol","86",1,0,1300,"3",1015
"726",10995,4.917,87654,"Petrol","86",1,1,1300,"5",1065
"728",9500,4.917,86871,"Petrol","86",1,0,1300,"5",1040
"729",8950,5.667,86714,"Petrol","110",1,0,1600,"4",1035
"731",10450,5.167,85000,"Petrol","110",1,0,1600,"3",1050
"732",10500,5,85000,"Petrol","86",1,0,1300,"3",1025
"733",9250,5.667,84976,"Petrol","110",1,0,1600,"4",1035
"734",10950,5.417,84558,"Petrol","110",1,0,1600,"5",1120
"736",9250,5.667,84482,"Petrol","110",1,0,1600,"5",1075
"737",8750,5.167,83908,"Petrol","110",1,0,1600,"5",1070
"738",8750,5.583,83560,"Petrol","86",0,0,1300,"3",1015
"739",9800,5.667,83000,"Petrol","107",1,1,1600,"5",1100
"740",8250,5.333,82723,"Petrol","86",0,0,1300,"3",1015
"741",10450,5.167,82421,"Petrol","110",1,0,1600,"3",1065
"742",9750,4.833,82254,"Petrol","110",0,0,1600,"5",1050
"743",8950,5.083,82115,"Petrol","110",1,0,1600,"3",1055
"747",10950,5.417,81192,"Petrol","110",1,0,1600,"3",1065
"748",8950,5.083,81170,"Petrol","110",1,0,1600,"4",1040
"749",8750,5.5,81083,"Petrol","86",0,0,1300,"3",1015
"750",10450,5.083,80714,"Petrol","110",1,0,1600,"5",1075
"751",10950,4.75,80470,"","110",0,0,1600,"5",1085
"752",8450,5.417,80439,"Petrol","110",1,0,1600,"4",1035
"753",9950,4.917,80430,"Petrol","110",1,0,1600,"3",1065
"755",8750,5.167,80265,"","86",0,0,1300,"3",1015
"756",9950,5.417,80153,"Petrol","110",0,0,1600,"5",1070
"757",9500,5.667,80121,"Petrol","110",0,0,1600,"5",1070
"758",8250,5.417,80086,"Petrol","110",1,0,1600,"4",1035
"760",7950,5,80000,"","86",0,0,1300,"5",1015
"761",8250,5.417,80000,"Petrol","86",1,0,1300,"2",1015
"762",9895,5.583,79858,"Petrol","110",1,0,1600,"4",1040
"763",9130,5.583,79762,"Petrol","86",1,0,1300,"3",1015
"764",10950,4.917,79660,"Petrol","86",0,1,1300,"5",1065
"765",10500,5,79150,"Petrol","110",1,0,1600,"5",1075
"766",8900,5.083,79000,"Petrol","110",1,0,1600,"3",1050
"767",9500,4.75,78955,"Petrol","86",1,0,1300,"5",1045
"768",10950,4.917,78750,"Diesel","90",1,0,1975,"5",1155
"769",7950,5.667,78521,"Petrol","86",0,0,1300,"3",1015
"770",7950,5.333,78356,"Petrol","86",1,0,1300,"3",1015
"771",7950,5.417,78076,"Petrol","86",1,0,1300,"3",1015
"775",9750,5.417,77500,"Petrol","110",1,0,1600,"3",1050
"776",9450,5.25,77457,"Petrol","110",1,0,1600,"3",1055
"777",8950,5.667,77029,"Petrol","86",1,0,1300,"3",1015
"778",8950,5.667,77008,"Petrol","86",1,0,1300,"3",1015
"779",8900,5.5,76791,"Petrol","110",1,0,1600,"5",1070
"780",9950,5.083,76700,"Petrol","86",1,0,1300,"5",1035
"781",8750,5.583,76569,"Petrol","86",1,0,1300,"3",1020
"782",8950,4.917,76162,"Petrol","110",1,0,1600,"5",1075
"783",8990,5.417,76155,"Petrol","110",1,0,1600,"4",1035
"784",8950,5.083,75609,"Petrol","86",1,0,1300,"3",1015
"785",8950,5.167,75569,"Diesel","72",1,0,2000,"3",1120
"787",9900,5.667,75000,"Petrol","110",1,0,1600,"5",1075
"788",8950,5.417,75000,"Petrol","86",0,0,1300,"3",1015
"789",8950,5.167,75000,"Petrol","110",1,0,1600,"5",1070
"790",9500,5.5,74963,"Petrol","107",0,1,1600,"3",1085
"791",7950,5.667,74889,"Petrol","86",1,0,1300,"3",1015
"793",8950,5.25,74747,"","110",1,0,1600,"5",1075
"795",8950,5.167,74457,"Petrol","110",0,0,1600,"5",1075
"796",11950,5,74337,"Petrol","86",0,0,1300,"5",1035
"797",8950,5.667,74308,"Petrol","110",0,0,1600,"3",1050
"799",8250,5.417,74179,"Petrol","110",1,0,1600,"3",1050
"800",8995,5.583,73936,"Petrol","86",1,0,1300,"5",1050
"801",9995,5.083,73894,"Petrol","110",1,0,1600,"3",1065
"802",9250,5.333,73500,"Petrol","110",1,0,1600,"3",1050
"803",10950,5.333,73376,"Petrol","110",0,0,1600,"5",1070
"806",9950,4.833,72928,"Petrol","110",1,0,1600,"5",1075
"807",7950,5.583,72880,"Petrol","86",1,0,1332,"3",1015
"808",8250,5.25,72522,"Petrol","110",1,0,1600,"3",1050
"809",9450,5.333,72000,"Petrol","86",1,0,1300,"3",1015
"810",7950,4.75,72000,"Petrol","86",0,0,1300,"3",1015
"811",9500,4.917,71366,"Petrol","110",0,0,1600,"3",1065
"813",10950,5.167,71000,"Petrol","110",0,0,1600,"5",1070
"814",8950,5,70954,"Petrol","110",0,0,1600,"3",1050
"815",9450,5.25,70908,"Petrol","86",0,0,1300,"5",1035
"816",8000,4.833,70560,"Petrol","110",1,0,1600,"3",1050
"817",9900,5.583,70552,"Petrol","110",0,0,1600,"5",1075
"818",8950,5.167,70500,"Petrol","110",1,0,1600,"5",1035
"819",10900,5,70453,"Diesel","72",0,0,2000,"5",1135
"820",9450,4.917,70218,"Petrol","110",1,0,1600,"3",1050
"821",8450,5.333,70116,"Petrol","110",1,0,1600,"4",1035
"822",9500,5.417,70068,"Petrol","110",1,0,1600,"5",1075
"823",10500,5.583,70000,"Petrol","107",1,1,1587,"3",1065
"824",6950,5.667,70000,"Petrol","86",1,0,1300,"3",1015
"825",9750,5.667,69103,"Petrol","110",0,0,1600,"4",1035
"826",6950,4.833,69022,"Petrol","86",1,0,1300,"5",1035
"827",9650,5.583,69000,"Petrol","110",1,0,1600,"3",1065
"828",9950,5.667,68865,"Petrol","110",1,0,1600,"3",1065
"829",9250,4.833,68723,"Petrol","86",0,0,1300,"3",1025
"830",8950,5.25,68453,"","110",1,0,1600,"5",1070
"831",9900,5.25,68238,"Petrol","86",0,0,1300,"5",1050
"832",10995,5.25,68153,"Petrol","110",1,0,1600,"5",1085
"833",10500,5.417,68000,"Petrol","110",0,0,1600,"5",1075
"834",8950,5.417,68000,"Petrol","86",1,0,1300,"3",1015
"836",10950,5.667,67146,"Petrol","110",1,0,1600,"5",1075
"837",9750,5.583,67110,"Petrol","86",1,0,1300,"5",1035
"838",9950,4.917,67010,"","110",1,0,1600,"3",1065
"839",10500,5.417,67003,"Petrol","110",1,0,1600,"4",1035
"840",10400,5.667,66785,"Petrol","86",0,1,1300,"3",1045
"841",8800,5.667,66550,"Petrol","86",0,0,1332,"3",1010
"842",10500,5.083,66259,"Petrol","110",1,0,1600,"3",1065
"844",7800,5.417,66000,"Petrol","86",1,0,1300,"3",1015
"845",9950,5.083,66000,"Petrol","110",0,0,1600,"3",1050
"846",10750,5.25,65896,"Petrol","110",1,0,1600,"3",1065
"849",9950,4.917,65463,"","110",1,0,1600,"5",1070
"851",9250,5,65259,"Petrol","110",1,0,1600,"3",1050
"852",7800,5.333,65000,"Petrol","110",1,0,1600,"3",1050
"853",9000,5.667,65000,"Petrol","110",0,0,1600,"5",1070
"854",8950,4.75,65000,"","110",0,0,1600,"4",1035
"856",9950,5.667,64950,"Petrol","110",1,0,1600,"5",1075
"858",7995,5.167,64797,"Petrol","110",1,0,1600,"5",1075
"859",8750,5.417,64772,"Petrol","110",1,0,1600,"3",1050
"860",9750,5.25,64690,"Petrol","86",0,0,1300,"3",1020
"861",10950,5.417,64630,"Petrol","110",0,0,1600,"5",1070
"862",9750,5.583,64613,"Petrol","110",1,0,1600,"5",1085
"865",9500,5.5,63881,"Petrol","86",0,0,1300,"3",1015
"866",10950,4.833,63870,"Diesel","72",0,0,2000,"5",1135
"867",9750,5.5,63328,"Petrol","86",0,1,1300,"5",1065
"868",9950,5.417,63000,"Petrol","86",1,1,1300,"5",1065
"870",9850,5.417,62396,"Petrol","110",0,0,1600,"3",1050
"871",9450,5.167,62377,"Petrol","110",1,0,1600,"5",1075
"872",10295,5.583,62316,"Petrol","110",1,0,1600,"3",1050
"873",9750,5.667,62292,"Petrol","110",1,0,1600,"3",1065
"874",8950,5.417,62225,"Petrol","110",1,0,1600,"3",1050
"875",9900,5.667,62222,"Petrol","110",0,0,1600,"5",1075
"877",9950,4.833,62024,"Petrol","110",1,0,1600,"5",1075
"878",8500,5,61977,"Petrol","86",1,0,1300,"3",1015
"880",10950,4.75,61682,"Petrol","110",0,0,1600,"3",1050
"881",9795,5.667,61568,"Petrol","110",1,0,1600,"4",1035
"882",8750,5.667,61504,"Petrol","110",1,0,1600,"4",1035
"883",8250,5.417,61384,"Petrol","110",1,0,1600,"3",1050
"884",9950,4.833,61343,"Petrol","110",1,0,1600,"5",1075
"885",9950,5.167,61254,"Petrol","110",0,0,1600,"5",1075
"886",10500,4.917,61166,"Petrol","110",1,0,1600,"3",1050
"887",9750,5.167,61149,"Petrol","86",1,0,1300,"5",1040
"888",11250,5.083,61144,"Petrol","110",1,0,1600,"5",1090
"889",8900,4.917,61127,"Petrol","110",1,0,1600,"3",1050
"890",7950,5,61100,"","86",1,0,1300,"3",1015
"891",11500,5.667,61100,"Petrol","110",1,0,1600,"5",1075
"893",7995,5.417,60724,"Petrol","86",1,0,1300,"3",1015
"894",10995,4.917,60708,"Petrol","86",1,0,1300,"5",1045
"895",8950,5.083,60532,"Petrol","110",1,0,1600,"3",1050
"897",8950,5.5,60000,"Petrol","86",1,0,1300,"3",1015
"898",8950,5.417,60000,"","86",1,0,1300,"3",1015
"899",9500,5.167,59295,"","86",0,0,1300,"5",1035
"900",7500,5.417,59264,"Petrol","86",0,0,1300,"3",1015
"901",8950,5.25,59000,"Petrol","110",0,0,1600,"3",1050
"902",9950,5.25,59000,"Petrol","86",1,0,1300,"5",1035
"903",9750,5.417,59000,"Petrol","110",0,0,1600,"5",1075
"904",9450,5.083,59000,"Petrol","110",1,0,1600,"5",1070
"905",9950,5.417,59000,"","110",0,0,1600,"3",1050
"906",9750,5.667,58860,"Petrol","110",1,0,1600,"3",1055
"907",8950,5.417,58829,"Petrol","110",0,0,1600,"3",1050
"908",8250,5.5,58654,"Petrol","110",1,0,1600,"5",1070
"909",7750,5.417,58300,"Petrol","86",1,0,1300,"3",1015
"911",9950,5.333,58136,"Petrol","110",1,0,1600,"5",1075
"912",9450,5.5,58113,"Petrol","107",1,1,1600,"3",1085
"913",12950,5.583,58058,"Petrol","110",1,0,1600,"3",1065
"914",9950,4.833,58000,"Petrol","110",1,0,1600,"3",1050
"915",10495,5.167,58000,"Petrol","110",1,0,1600,"3",1065
"917",10500,5.25,57413,"Petrol","107",0,1,1600,"5",1115
"918",8950,5.417,57374,"Petrol","110",1,0,1600,"5",1075
"919",9900,5.167,57179,"Petrol","110",1,0,1600,"5",1075
"920",9995,5.083,57169,"Petrol","110",1,0,1600,"3",1065
"921",9950,5.25,57124,"Petrol","110",1,0,1600,"3",1065
"923",8250,5.583,57000,"Petrol","110",0,0,1600,"3",1050
"924",9950,5.25,57000,"Petrol","86",1,0,1300,"5",1035
"925",8950,4.917,56259,"Petrol","86",0,0,1300,"3",1015
"926",10950,5.167,56209,"Petrol","107",1,1,1600,"3",1080
"927",9250,5.583,56074,"Petrol","86",0,0,1300,"4",1000
"928",9950,5.25,55942,"Petrol","110",1,0,1600,"5",1070
"929",9995,4.75,55844,"Petrol","86",1,0,1300,"5",1045
"930",8750,5.083,55747,"Petrol","86",0,0,1300,"3",1020
"931",10950,4.833,55478,"Petrol","86",0,0,1300,"5",1045
"933",9950,5.417,55061,"Petrol","110",1,0,1600,"5",1070
"934",8950,5.417,55000,"Petrol","86",1,0,1300,"3",1015
"935",10950,4.75,55000,"Petrol","110",0,0,1600,"5",1075
"936",10950,5.25,54936,"Petrol","110",1,0,1600,"5",1075
"937",8950,5.667,54875,"Petrol","110",1,0,1600,"5",1070
"938",8900,5.583,54847,"Petrol","110",0,0,1600,"3",1050
"940",9450,5.083,54125,"Petrol","110",1,0,1600,"5",1035
"941",9250,5.083,54000,"Petrol","110",1,0,1600,"3",1055
"942",10500,4.75,54000,"Petrol","110",1,0,1600,"5",1075
"943",7350,4.833,54000,"Petrol","86",0,0,1300,"5",1035
"944",10250,4.75,54000,"Petrol","110",1,0,1600,"3",1135
"945",10250,5.167,53285,"Petrol","110",1,0,1600,"5",1075
"946",11500,5.417,53053,"","110",1,0,1600,"5",1075
"947",8950,5.667,53000,"Petrol","110",1,1,1587,"3",1075
"949",9500,5.333,52968,"Petrol","110",1,0,1600,"3",1050
"950",8450,5.583,52800,"Petrol","86",1,0,1300,"3",1015
"951",8950,4.75,52548,"Petrol","110",0,0,1600,"3",1050
"952",8400,5,52487,"Petrol","110",1,0,1600,"4",1035
"953",9250,5.5,52383,"Petrol","86",0,0,1300,"3",1015
"954",8900,5.083,52112,"Petrol","110",1,0,1600,"4",1035
"955",8750,4.833,51712,"Petrol","110",0,0,1600,"3",1050
"956",10950,4.833,51421,"Petrol","110",0,1,1600,"5",1105
"957",8950,5.083,51235,"Petrol","86",1,0,1300,"4",1000
"958",8950,5.417,51000,"","86",1,0,1300,"3",1015
"959",8895,5.083,50925,"Petrol","110",1,0,1600,"5",1070
"960",9390,5.5,50806,"Petrol","86",0,0,1300,"3",1480
"961",8750,4.917,50469,"Petrol","110",1,0,1600,"5",1070
"962",9750,5.083,50173,"Petrol","110",1,0,1600,"5",1075
"963",9950,5.167,50000,"Petrol","110",1,0,1600,"5",1075
"964",10950,5.417,49942,"","110",0,0,1600,"3",1065
"965",9900,5.583,49585,"Petrol","110",0,0,1600,"5",1085
"966",9500,5.167,49258,"Petrol","110",1,0,1600,"4",1035
"967",9950,5.083,49000,"Petrol","110",0,0,1600,"3",1050
"968",9950,5.25,48738,"Petrol","110",0,0,1600,"5",1055
"969",10500,5.167,47750,"Petrol","86",1,0,1300,"5",1040
"970",9950,5.25,47612,"Petrol","86",0,0,1300,"3",1015
"973",8500,4.833,47171,"Petrol","86",1,0,1300,"3",1015
"974",10450,5,47060,"Petrol","110",0,0,1600,"4",1035
"976",9900,4.917,46929,"Petrol","86",1,0,1300,"3",1025
"978",8745,5.417,45681,"Petrol","110",0,0,1600,"3",1050
"980",10750,4.75,45000,"Petrol","110",1,0,1600,"5",1050
"981",9750,4.75,45000,"","110",1,0,1600,"3",1050
"982",8850,5.417,45000,"Petrol","110",0,0,1600,"5",1075
"983",7950,5.5,45000,"Petrol","86",1,0,1300,"5",1035
"984",9450,5.25,45000,"Petrol","110",1,0,1600,"4",1035
"985",9950,5.083,45000,"Petrol","107",0,1,1600,"3",1085
"989",9950,4.917,43818,"Petrol","110",0,0,1600,"5",1070
"990",10495,5,43426,"Petrol","110",1,0,1600,"5",1070
"992",8950,5.667,43000,"Petrol","110",1,0,1600,"5",1035
"993",9695,4.75,43000,"Petrol","110",0,0,1600,"5",1075
"997",9950,5.25,41586,"Petrol","110",1,0,1600,"5",1114
"999",10950,4.75,40214,"Petrol","86",0,0,1300,"3",1025
"1000",8950,5,40000,"Petrol","86",1,0,1300,"4",1000
"1001",8950,5.5,39222,"","86",1,1,1300,"3",1045
"1002",8250,5.5,39144,"Petrol","110",1,0,1600,"3",1050
"1003",10250,5.167,39000,"Petrol","110",1,0,1600,"5",1075
"1004",8750,5.083,38019,"Petrol","110",1,0,1600,"5",1070
"1006",10950,5.083,37500,"Petrol","110",0,0,1600,"5",1085
"1007",10950,5,37111,"Petrol","110",1,0,1600,"3",1050
"1008",9750,5.167,37000,"Petrol","86",0,0,1300,"3",1015
"1009",8900,4.917,36954,"Petrol","110",1,0,1600,"3",1050
"1010",9500,5,36943,"Petrol","110",0,0,1600,"5",1070
"1011",9950,5.25,36923,"Petrol","86",0,0,1300,"5",1050
"1012",9950,5.5,36658,"Petrol","110",0,0,1600,"3",1050
"1013",8250,5.417,36000,"Petrol","86",1,0,1300,"3",1015
"1015",10950,5.167,35512,"Petrol","110",1,0,1600,"3",1065
"1016",9250,5.417,35283,"Petrol","86",1,0,1300,"3",1015
"1017",8900,5.667,35000,"Petrol","110",1,0,1600,"3",1050
"1018",10900,4.75,35000,"Petrol","86",1,0,1300,"5",1045
"1019",9750,5.333,34114,"Petrol","110",0,0,1600,"3",1050
"1020",11950,4.833,34000,"Petrol","110",0,0,1600,"5",1075
"1021",7900,5.667,33847,"Petrol","86",1,0,1300,"4",1000
"1022",10900,4.75,33535,"Petrol","110",0,0,1600,"4",1035
"1023",10450,5.417,33000,"Petrol","110",0,0,1600,"3",1050
"1024",10950,4.917,32150,"Petrol","110",1,0,1600,"5",1085
"1025",9950,5.417,31588,"Petrol","86",1,0,1300,"3",1015
"1027",9900,4.75,31307,"Petrol","110",1,0,1600,"5",1070
"1028",10750,5.667,31000,"Petrol","110",1,0,1600,"4",1035
"1029",10450,4.833,30634,"Petrol","110",1,0,1600,"5",1075
"1030",9450,5.667,30300,"Petrol","86",1,0,1300,"4",1000
"1031",10750,5,28500,"","86",1,1,1300,"3",1045
"1032",10950,5,28500,"Petrol","110",0,0,1600,"5",1075
"1034",10500,5.667,26698,"Petrol","110",0,0,1600,"3",1055
"1036",8950,5.167,25505,"Petrol","86",1,0,1300,"5",1035
"1037",10500,4.833,25000,"Petrol","110",1,0,1600,"5",1075
"1038",9245,5.5,22835,"Petrol","110",1,0,1600,"3",1050
"1039",10950,4.917,22705,"","110",1,0,1600,"5",1075
"1041",10900,5.167,17345,"","110",1,0,1600,"3",1050
"1043",9450,5.5,15110,"Petrol","86",0,0,1300,"5",1035
"1044",5900,6.083,232940,"Diesel","72",0,0,2000,"5",1172
"1045",6950,6.583,218118,"Diesel","72",0,0,2000,"5",1150
"1046",6000,6.5,217764,"Diesel","72",1,0,2000,"5",1135
"1047",5250,6.583,207114,"CNG","110",1,0,1600,"5",1114
"1048",4400,6.167,203254,"Diesel","72",1,0,2000,"3",1135
"1049",6750,6.417,0,"Diesel","72",1,0,2000,"4",1100
"1050",8500,5.75,197501,"Diesel","72",0,0,2000,"5",1135
"1051",6150,6.667,194765,"Diesel","72",0,0,2000,"3",1120
"1052",6950,6.333,191620,"Diesel","72",0,0,2000,"5",1150
"1053",5750,6.333,183277,"Diesel","72",0,0,2000,"3",1115
"1054",8750,6.5,180378,"","72",1,0,2000,"4",1100
"1055",6500,5.833,178800,"Diesel","72",0,0,2000,"3",1115
"1057",6500,6.5,176000,"Petrol","86",0,0,1300,"5",1035
"1059",8500,6.417,170000,"Diesel","72",0,0,2000,"4",1100
"1060",7950,5.917,164000,"Petrol","110",1,0,1600,"3",1050
"1062",6750,6.667,160000,"Petrol","86",0,0,1300,"3",1015
"1063",6950,6.5,159968,"Diesel","72",0,0,2000,"3",1115
"1064",5740,6.167,159908,"Petrol","110",0,0,1600,"3",1050
"1065",6550,6.083,158492,"Petrol","86",0,0,1300,"3",1015
"1066",8950,5.75,156204,"Diesel","72",1,0,2000,"3",1115
"1067",6750,6.083,156169,"Petrol","86",1,0,1300,"5",1035
"1068",7950,6.5,155210,"Petrol","110",0,0,1600,"3",1050
"1069",7950,5.75,155000,"Diesel","72",0,0,2000,"3",1115
"1070",7450,6.333,154900,"Diesel","72",1,0,2000,"5",1140
"1071",7750,5.833,151300,"Diesel","72",1,0,2000,"5",1150
"1072",6450,5.917,151000,"CNG","110",1,0,1600,"5",1094
"1073",7900,6.25,150000,"Diesel","72",1,0,2000,"3",1135
"1075",5600,6.25,146197,"Petrol","86",0,0,1300,"3",1015
"1076",5950,6.417,145996,"Petrol","110",0,0,1600,"4",1035
"1077",6950,6.667,143560,"Petrol","86",1,1,1300,"3",1045
"1078",7950,5.917,139145,"Diesel","73",0,0,2000,"2",1115
"1080",7950,6.167,137741,"Diesel","90",1,0,2000,"5",1135
"1081",9500,6.667,137178,"Diesel","90",1,0,2000,"5",1135
"1083",5950,5.917,134660,"Diesel","72",0,0,2000,"5",1135
"1085",7950,6.583,131500,"Diesel","72",0,0,2000,"5",1140
"1087",7250,6.167,130025,"Petrol","110",1,0,1600,"3",1050
"1089",7250,6.417,128960,"Petrol","110",1,0,1600,"5",1070
"1090",9250,6.667,128351,"","110",1,0,1600,"5",1070
"1091",8250,6.083,128006,"Petrol","110",1,0,1600,"3",1050
"1092",7250,5.917,127159,"Diesel","72",1,0,2000,"3",1115
"1093",5250,6,126478,"Petrol","110",1,0,1600,"4",1035
"1094",7900,6.417,126000,"Petrol","110",1,0,1600,"5",1050
"1095",6900,6.333,125778,"Petrol","110",0,0,1600,"3",1050
"1096",7900,6.25,125400,"Petrol","110",0,0,1600,"3",1050
"1097",7250,6.167,124910,"Diesel","72",0,0,2000,"5",1135
"1098",8450,5.833,124743,"Petrol","110",1,0,1600,"3",1050
"1100",7950,6.167,124057,"Petrol","110",1,0,1600,"3",1050
"1101",6450,6,123403,"Petrol","110",1,0,1600,"3",1050
"1102",6650,6.25,123104,"Petrol","110",1,0,1600,"5",1070
"1104",7250,6.667,122820,"Petrol","86",0,0,1300,"5",1040
"1105",7450,6.417,122290,"Petrol","110",0,0,1600,"3",1050
"1106",7950,6.167,121900,"Petrol","110",1,0,1600,"4",1035
"1109",8950,6.333,120263,"Diesel","72",1,0,2000,"5",1135
"1110",7750,6.167,120196,"Petrol","110",1,0,1600,"3",1050
"1111",8500,5.917,120000,"Petrol","110",0,0,1600,"5",1085
"1112",7750,6.5,120000,"Petrol","110",0,0,1600,"5",1075
"1113",5750,6.083,115877,"Petrol","110",0,0,1600,"4",1035
"1114",6900,6.333,115345,"Petrol","110",1,0,1600,"5",1070
"1116",6500,6.5,115000,"Petrol","107",1,1,1600,"5",1100
"1117",7600,6.417,114258,"Petrol","86",1,0,1300,"5",1050
"1118",8950,6.083,112963,"Diesel","72",1,0,2000,"5",1135
"1119",7450,6.167,112307,"Petrol","110",1,0,1600,"5",1070
"1120",7350,6,0,"Petrol","86",1,0,1300,"3",1015
"1122",7460,6.667,111392,"CNG","110",0,0,1598,"3",1083
"1123",9250,6.333,110901,"Petrol","110",1,0,1600,"5",1085
"1124",7250,6.667,110887,"Petrol","110",1,0,1600,"3",1055
"1125",6500,6,110634,"Petrol","86",1,0,1300,"3",1015
"1126",6800,6.667,110000,"Petrol","110",1,0,1600,"4",1035
"1127",8700,6.25,109540,"Petrol","110",0,0,1600,"5",1085
"1130",7950,6.083,107108,"Petrol","110",1,0,1600,"3",1050
"1131",9950,6.25,107000,"Petrol","110",1,0,1600,"3",1050
"1132",6640,6.167,106250,"Petrol","110",0,0,1600,"5",1070
"1133",8750,5.917,106150,"Petrol","86",0,0,1300,"3",1015
"1135",5950,6,105856,"Petrol","86",0,0,1300,"3",1015
"1136",6750,6.417,105152,"Petrol","86",0,0,1300,"3",1015
"1137",6500,6.667,105135,"Petrol","110",1,0,1600,"3",1050
"1138",8750,6.333,104344,"Petrol","110",1,0,1600,"3",1050
"1139",7950,6.167,104150,"Petrol","110",1,0,1600,"3",1050
"1140",6750,6.167,104000,"Petrol","86",1,0,1300,"3",1010
"1141",7950,6.083,103121,"Petrol","86",1,0,1300,"5",1035
"1142",7950,6.667,102300,"Petrol","86",1,0,1300,"3",1015
"1143",8950,6.25,102005,"Petrol","107",1,1,1600,"5",1105
"1144",7750,6.417,102000,"Petrol","86",1,0,1300,"3",1015
"1145",6450,6.25,101855,"Petrol","110",1,0,1600,"5",1070
"1146",6900,6.167,101773,"Petrol","110",0,0,1600,"3",1050
"1147",8450,6.25,101159,"Petrol","110",1,0,1600,"5",1085
"1148",6750,6.167,101000,"Petrol","86",0,0,1300,"3",1015
"1149",8050,6.167,100732,"Petrol","86",1,1,1300,"4",1030
"1150",9500,6.583,100719,"Petrol","110",0,0,1600,"5",1070
"1151",7750,6.5,100487,"Petrol","110",0,0,1600,"4",1035
"1152",8500,6.667,100458,"Petrol","110",0,0,1600,"5",1085
"1153",7795,6.25,100192,"Petrol","110",1,0,1600,"3",1050
"1154",6490,6.667,100123,"Petrol","110",1,0,1600,"3",1050
"1155",7950,6.083,99971,"Petrol","110",1,0,1600,"3",1050
"1156",6425,6.583,99397,"Petrol","86",0,0,1300,"5",1035
"1157",8950,5.75,99374,"Petrol","86",1,0,1300,"5",1035
"1158",6950,6,99245,"Petrol","110",1,0,1600,"5",1114
"1159",8750,6.583,98742,"Petrol","110",0,0,1600,"5",1085
"1160",8450,5.917,98154,"Petrol","110",1,0,1600,"3",1050
"1161",7950,6.417,98000,"Petrol","110",1,0,1600,"5",1065
"1162",7950,6.667,97548,"Petrol","86",0,0,1300,"5",1035
"1163",8900,6.5,97534,"Petrol","110",1,0,1600,"5",1070
"1164",8950,6.083,97494,"Petrol","110",1,0,1600,"5",1085
"1165",8900,6.083,97085,"Petrol","110",1,0,1600,"5",1085
"1166",7950,5.75,97000,"Petrol","110",0,0,1600,"4",1035
"1167",6495,6.167,96302,"Petrol","86",1,0,1300,"3",1015
"1168",7250,6.5,96000,"Petrol","86",1,0,1300,"3",1015
"1170",6650,6.5,95909,"Petrol","110",1,0,1600,"5",1070
"1171",6990,6.583,95700,"Petrol","110",0,0,1600,"5",1085
"1172",7750,6.5,95651,"Petrol","110",1,0,1600,"5",1070
"1173",6950,6.583,95000,"","86",1,0,1300,"5",1035
"1174",7250,6.667,94447,"Petrol","110",0,0,1600,"3",1050
"1177",7200,6.583,93090,"","86",1,0,1300,"5",1035
"1178",8250,6,93066,"Petrol","110",1,0,1600,"5",1075
"1179",8950,6.583,93039,"Petrol","110",1,0,1600,"3",1050
"1180",8250,6.417,93000,"","110",1,0,1600,"5",1075
"1181",6250,6.667,92830,"Petrol","86",1,0,1300,"3",1015
"1182",9900,6.667,92255,"Petrol","107",0,1,1600,"5",1105
"1183",7300,6.667,92096,"Petrol","86",1,0,1300,"5",1035
"1184",8950,6,91921,"Petrol","86",1,0,1300,"3",1020
"1185",6500,5.833,91900,"Petrol","86",1,0,1300,"3",1015
"1186",7950,6.5,91399,"Petrol","110",1,0,1600,"5",1070
"1188",7950,5.917,90370,"Petrol","86",1,0,1300,"5",1035
"1189",8500,6.5,90345,"Petrol","86",1,0,1300,"5",1035
"1190",6950,6.417,90305,"Petrol","86",1,0,1300,"3",1015
"1191",7950,6.5,90011,"Petrol","86",0,1,1300,"3",1045
"1192",6750,6.417,90000,"","86",1,0,1300,"3",1015
"1193",8450,5.833,89983,"Petrol","110",0,0,1600,"3",1055
"1194",7500,6.5,89953,"Petrol","110",0,0,1600,"5",1114
"1195",8750,6.167,89800,"Diesel","72",1,0,2000,"3",1115
"1196",8750,6.583,89739,"Petrol","86",1,0,1300,"5",1035
"1197",8950,6.333,89520,"Petrol","110",1,0,1600,"3",1050
"1199",9200,5.75,89096,"Petrol","110",1,0,1600,"5",1085
"1200",8950,6.167,88700,"Petrol","110",1,0,1600,"3",1050
"1202",6950,6.083,88186,"Diesel","72",1,0,2000,"3",1115
"1203",7200,6.25,88000,"Petrol","110",1,0,1600,"3",1050
"1204",7450,6.5,87743,"Petrol","110",0,0,1600,"3",1055
"1205",6750,6.25,87613,"Petrol","86",0,0,1300,"3",1015
"1206",7500,6.083,87358,"Petrol","110",1,0,1600,"3",1050
"1209",7250,6.5,87000,"Petrol","110",1,0,1600,"4",1035
"1211",8250,6.667,87000,"Petrol","86",1,0,1300,"3",1015
"1212",8250,6,86860,"Petrol","110",0,0,1600,"5",1075
"1213",6750,6.667,86109,"Petrol","110",1,0,1600,"3",1055
"1214",8750,6.583,86000,"","86",1,0,1300,"5",1040
"1215",8950,6.667,86000,"Petrol","110",0,0,1600,"3",1050
"1216",8500,5.833,85864,"Diesel","72",1,0,2000,"5",1135
"1217",8250,6.667,85565,"Petrol","110",0,0,1600,"5",1070
"1218",9450,5.833,85470,"Petrol","107",0,1,1600,"3",1080
"1219",7950,6.083,85200,"Petrol","110",1,0,1600,"3",1050
"1220",7900,5.833,85000,"Petrol","110",1,0,1600,"3",1055
"1221",8500,6.083,84988,"Petrol","110",1,0,1600,"3",1050
"1222",8250,6.583,84966,"Petrol","110",0,0,1600,"5",1070
"1223",8250,6.333,84472,"Petrol","110",1,0,1600,"5",1070
"1224",8950,6.083,84402,"Petrol","110",1,0,1600,"4",1035
"1225",7950,6.167,84123,"Petrol","110",0,0,1600,"3",1050
"1227",7250,6.5,84000,"Petrol","110",1,0,1600,"5",1065
"1228",7750,6.417,84000,"Petrol","110",1,0,1600,"5",1085
"1231",6750,6.333,83405,"Petrol","110",1,0,1600,"5",1070
"1232",7500,5.917,83291,"Petrol","110",1,0,1600,"5",1070
"1233",7950,5.75,83133,"Petrol","86",0,0,1300,"3",1015
"1234",8950,5.917,83047,"","86",1,1,1300,"3",1045
"1235",7950,5.917,82700,"Petrol","110",0,0,1600,"3",1050
"1237",5950,6.5,82595,"","86",1,0,1300,"3",1015
"1238",7750,6.25,82256,"Petrol","110",1,0,1600,"3",1050
"1239",6950,6.417,82103,"Petrol","86",1,0,1300,"3",1015
"1240",8750,6.667,82021,"Petrol","86",1,0,1300,"5",1035
"1241",8950,5.917,82000,"","110",1,0,1600,"5",1075
"1242",7495,6.583,81988,"Petrol","110",1,0,1600,"5",1070
"1244",6950,5.833,81663,"","110",0,0,1600,"3",1050
"1245",7990,6.417,80486,"Petrol","????",1,0,1600,"5",1070
"1246",7250,6.5,80000,"Petrol","110",1,0,1600,"4",1065
"1247",6900,5.75,79000,"Petrol","86",0,0,1300,"3",1015
"1248",7750,6.167,78894,"Petrol","110",0,0,1600,"5",1070
"1250",8950,6.417,78435,"Petrol","86",0,0,1300,"3",1015
"1251",8500,5.917,78260,"Petrol","110",0,0,1600,"3",1050
"1252",7950,6,78120,"","110",1,0,1600,"5",1075
"1256",8500,6.333,76268,"Petrol","86",1,0,1300,"3",1015
"1257",7490,6.083,76151,"Petrol","86",1,0,1300,"3",1015
"1259",9250,5.917,76000,"Petrol","110",1,0,1600,"5",1070
"1260",7950,6,75840,"Petrol","86",0,0,1300,"5",1035
"1261",9500,6.417,75799,"Petrol","110",1,0,1600,"3",1050
"1262",8950,6,75525,"Petrol","110",1,0,1600,"3",1114
"1263",8450,6.5,75323,"Petrol","86",1,0,1300,"5",1050
"1264",7995,6.583,75322,"Petrol","110",1,0,1600,"4",1115
"1265",8750,6.5,75226,"Petrol","110",0,0,1600,"4",1035
"1266",5950,5.917,75085,"Petrol","86",0,0,1300,"5",1035
"1267",8500,6.083,75000,"Petrol","110",0,0,1600,"5",1075
"1268",8950,5.75,75000,"Petrol","86",1,0,1300,"4",1000
"1269",8750,5.75,75000,"Petrol","86",1,0,1300,"4",1000
"1270",7600,6.5,74926,"Petrol","110",1,0,1600,"5",1075
"1271",7145,6.667,74785,"Petrol","110",1,0,1600,"5",1070
"1272",8450,5.75,74573,"Petrol","110",1,0,1600,"5",1085
"1275",7250,6.667,74151,"Petrol","110",1,0,1600,"3",1050
"1276",7400,6.25,74096,"Petrol","110",1,0,1600,"3",1050
"1277",8800,6.583,74093,"Petrol","110",1,0,1600,"5",1075
"1278",7750,5.917,74000,"Petrol","110",0,0,1600,"3",1050
"1279",7500,6.25,74000,"Petrol","86",1,0,1300,"3",1015
"1280",8450,6.5,73638,"Petrol","86",1,1,1300,"4",1015
"1282",7500,6.667,73200,"Petrol","110",1,0,1600,"5",1070
"1283",8950,6.333,73116,"Petrol","110",1,0,1600,"5",1075
"1285",7950,6.417,72703,"Petrol","110",1,0,1600,"3",1050
"1286",7950,6.583,72328,"Petrol","110",1,0,1600,"5",1075
"1287",7950,6.5,72222,"Petrol","110",1,0,1600,"5",1070
"1288",8950,5.917,72128,"Petrol","107",1,1,1600,"5",1100
"1289",7750,6.5,72090,"Petrol","110",1,0,1600,"5",1070
"1290",8250,6.5,72000,"Petrol","110",1,0,1600,"4",1035
"1291",7950,6.5,72000,"Petrol","110",0,0,1600,"3",1055
"1292",7750,6.417,71900,"Petrol","86",1,0,1300,"3",1015
"1293",8500,6.417,71825,"Petrol","110",0,0,1600,"5",1075
"1294",6950,6.667,71740,"Petrol","110",1,0,1600,"5",1070
"1295",7500,6.667,71500,"Petrol","110",1,0,1600,"4",1035
"1296",7750,6.583,71359,"Petrol","110",1,0,1600,"3",1050
"1298",7500,6.5,71186,"Petrol","110",0,0,1600,"3",1050
"1299",8950,6,71054,"Petrol","86",0,1,1300,"3",1045
"1300",7950,6.333,71000,"Petrol","110",1,0,1600,"3",1050
"1301",6900,6.667,70939,"Petrol","110",1,1,1600,"5",1100
"1302",7450,6.417,70932,"Petrol","110",1,0,1600,"3",1050
"1303",8500,6.667,70597,"Petrol","107",1,1,1600,"3",1080
"1304",7500,6.083,70482,"Petrol","110",1,0,1600,"5",1075
"1305",8750,6.417,70124,"Petrol","110",1,0,1600,"3",1050
"1306",7500,6.333,70039,"","110",1,0,1600,"3",1050
"1307",9950,6.667,69904,"Petrol","110",0,0,1600,"5",1070
"1308",7950,6.25,69388,"Petrol","86",0,0,1300,"3",1010
"1309",9950,6.25,69320,"Petrol","110",1,0,1600,"5",1070
"1311",9250,6.083,68988,"Petrol","86",1,0,1300,"5",1035
"1313",5950,6.167,68285,"Petrol","110",1,0,1600,"3",1050
"1316",7450,6.25,67451,"Petrol","86",1,0,1300,"4",1000
"1318",8500,6.5,67255,"Petrol","110",0,0,1600,"5",1085
"1319",8500,5.833,67100,"Petrol","110",1,0,1600,"5",1075
"1321",7250,6.667,66880,"Petrol","110",1,0,1600,"3",1055
"1322",8950,6.583,66855,"Petrol","110",1,0,1600,"5",1075
"1323",9450,6.667,66843,"Petrol","110",1,0,1600,"5",1075
"1324",8500,6.167,66718,"Petrol","110",1,0,1600,"3",1050
"1325",6750,6.667,66168,"Petrol","86",1,0,1300,"3",1015
"1326",7400,6.667,65950,"Petrol","110",0,0,1600,"5",1070
"1327",8950,6.5,65500,"Petrol","86",1,0,1300,"3",1015
"1328",6900,6.667,65307,"Petrol","110",1,0,1600,"3",1055
"1329",7750,6.583,65254,"Petrol","86",1,0,1300,"3",1015
"1331",6950,6.25,65006,"Petrol","86",1,0,1300,"3",1015
"1332",8495,6.417,64280,"Petrol","110",0,0,1600,"4",1035
"1333",10000,6.25,64000,"Petrol","107",0,1,1600,"3",1085
"1335",8950,6.667,64000,"Petrol","110",0,0,1600,"3",1055
"1337",8750,6.25,63634,"Petrol","110",1,0,1600,"4",1035
"1338",7499,6.667,63500,"Petrol","110",1,0,1600,"3",1050
"1340",8950,6.417,62595,"Petrol","110",1,0,1600,"3",1050
"1341",6950,6.667,62581,"Petrol","110",0,0,1600,"5",1075
"1342",8500,6.417,62285,"Petrol","110",1,0,1600,"5",1075
"1343",8450,6.417,61906,"Petrol","86",1,1,1300,"5",1065
"1344",8950,6.167,61700,"Petrol","110",0,0,1600,"5",1070
"1345",8250,6.417,61648,"Petrol","110",1,0,1600,"5",1070
"1346",7950,6.25,61626,"Petrol","86",0,0,1300,"5",1035
"1347",7450,5.833,61510,"Petrol","110",0,0,1600,"4",1035
"1348",9000,6.583,61165,"Petrol","107",1,1,1600,"3",1080
"1349",7150,5.833,61000,"Petrol","110",1,0,1600,"4",1035
"1350",7750,6.333,60833,"Petrol","110",1,0,1600,"4",1035
"1351",5845,5.833,60600,"Petrol","86",0,0,1300,"3",1060
"1352",8500,6,60483,"Petrol","110",1,0,1600,"5",1075
"1354",9450,6.583,60142,"Petrol","110",0,0,1600,"3",1050
"1355",6750,5.75,60050,"Petrol","110",1,0,1600,"3",1050
"1356",8400,6.417,60000,"Petrol","110",1,0,1600,"3",1050
"1357",7900,6.333,60000,"Petrol","110",0,0,1600,"3",1050
"1358",7950,6.333,59815,"Petrol","110",1,0,1587,"3",1055
"1360",9900,6.083,59240,"Petrol","110",1,0,1600,"3",1050
"1361",6495,5.917,59164,"Petrol","110",0,0,1600,"4",1035
"1362",8250,5.833,59017,"Petrol","107",1,1,1600,"3",1080
"1363",6900,5.75,58952,"Petrol","110",1,0,1600,"3",1050
"1364",7500,6.167,58454,"","86",1,0,1300,"3",1015
"1365",7950,6.25,58341,"Petrol","86",1,1,1300,"4",1030
"1366",8250,6.667,58267,"Petrol","110",1,0,1600,"5",1070
"1367",8950,6.667,58000,"Petrol","110",0,0,1600,"3",1055
"1368",9750,5.833,57829,"Petrol","110",0,0,1600,"3",1050
"1369",8250,6.667,57787,"Petrol","86",0,0,1300,"3",1015
"1370",8900,6.5,57628,"Petrol","110",0,0,1600,"5",1075
"1371",8950,6.25,57537,"Petrol","86",1,0,1300,"5",1050
"1372",6750,6.333,57263,"Petrol","110",1,0,1600,"3",1050
"1373",7950,6.25,57144,"Petrol","110",1,0,1600,"5",1070
"1374",8600,5.75,57096,"Petrol","86",1,0,1300,"3",1025
"1377",8750,6.083,56307,"Petrol","110",1,0,1600,"3",1050
"1378",9500,6.583,56214,"Petrol","86",0,0,1300,"3",1015
"1380",9950,6.583,55425,"Petrol","110",0,0,1600,"5",1075
"1381",7750,6.417,54439,"Petrol","86",1,0,1300,"3",1015
"1382",5950,5.75,53809,"Petrol","110",1,0,1600,"3",1050
"1383",10950,6.333,53133,"Petrol","110",1,0,1600,"5",1070
"1384",9450,6.417,52900,"Petrol","110",1,0,1600,"4",1075
"1385",8250,6.667,52700,"Petrol","110",0,0,1600,"3",1050
"1386",9750,5.75,52320,"Petrol","110",0,0,1600,"5",1070
"1387",7450,6.5,52287,"Petrol","110",0,0,1600,"5",1114
"1389",8750,5.75,52000,"Petrol","110",1,0,1600,"3",1050
"1390",8500,6.083,52000,"Petrol","110",1,1,1600,"4",1065
"1391",8950,5.833,51874,"Petrol","86",0,0,1300,"4",1000
"1393",7250,5.75,49640,"","110",1,0,1600,"4",1035
"1394",7450,6.667,49580,"","110",1,0,1600,"4",1035
"1396",9800,6.417,48838,"Petrol","110",0,0,1600,"3",1055
"1397",7500,5.917,48576,"Petrol","86",1,0,1300,"3",1015
"1398",8950,6.25,48400,"Petrol","110",1,0,1600,"5",1075
"1399",8950,6.167,48242,"Petrol","86",1,0,1300,"5",1035
"1400",7450,5.833,47955,"Petrol","110",1,0,1600,"5",1070
"1401",8950,5.917,47633,"Petrol","110",1,0,1600,"5",1075
"1403",7000,6.083,47360,"","86",0,0,1300,"3",1010
"1404",8500,6.417,45507,"Petrol","110",1,0,1600,"3",1050
"1405",7750,6.333,45410,"Petrol","86",1,0,1300,"5",1035
"1406",8950,5.833,44850,"Petrol","110",1,0,1600,"3",1050
"1407",8250,5.75,44826,"Petrol","110",0,0,1600,"5",1075
"1410",8500,6.5,43622,"Petrol","86",1,0,1300,"4",1000
"1411",7950,6.333,43532,"Petrol","110",0,0,1600,"5",1070
"1412",9950,5.75,42800,"Petrol","110",1,0,1600,"3",1050
"1413",8750,6.167,42317,"Petrol","107",1,1,1600,"5",1100
"1414",7500,6.667,42186,"Petrol","110",1,0,1600,"3",1050
"1417",8750,6.583,39800,"Petrol","107",0,1,1600,"3",1080
"1420",8150,6.333,36537,"","110",0,1,1600,"4",1075
"1421",8500,6.5,0,"Petrol","86",0,1,1300,"3",1045
"1423",7950,6.667,35821,"Petrol","86",0,1,1300,"3",1015
"1424",7750,6.083,34717,"Petrol","86",0,0,1300,"3",1015
"1425",7950,6.667,0,"Petrol","86",1,0,1300,"4",1000
"1429",8950,6.5,24000,"Petrol","86",1,1,1300,"5",1065
"1430",8450,6.667,23000,"Petrol","86",0,0,1300,"3",1015
"1432",10845,6,0,"Petrol","86",0,0,1300,"3",1015
"1434",7250,5.833,0,"","86",1,0,1300,"3",1015
"1435",6950,6.333,1,"Petrol","110",0,0,1600,"5",1114
